Date,Company,Recovery,Spread_5Y,Spread_7Y,Spread_10Y
2024-11-19,Advanced Micro D,500.0,44.53,68.79,82.19
2024-11-19,Honeywell Intern,100.0,26.16,39.47,52.03
2024-11-19,Barrick Mining C,100.0,39.25,58.04,77.05
2024-11-19,American Electri,100.0,33.31,49.46,65.15
2024-11-19,American Expres,100.0,32.29,46.57,58.31
2024-11-19,American Interna,100.0,62.37,90.59,109.19
2024-11-19,Arrow Electronic,100.0,84.38,109.79,129.83
2024-11-19,AutoZone Inc,100.0,37.48,52.78,69.73
2024-11-19,Avnet Inc,100.0,94.53,127.0,151.45
2024-11-19,Baxter Internatio,100.0,86.56,112.97,129.42
2024-11-19,Verizon Commun,100.0,61.07,82.29,104.44
2024-11-19,Best Buy Co Inc,500.0,68.39,93.61,118.58
2024-11-19,Boeing Co/The,100.0,69.52,88.9,103.75
2024-11-19,Boston Scientific,100.0,33.05,51.05,64.6
2024-11-19,Bristol-Myers Sq,100.0,37.26,53.35,68.42
2024-11-19,Campbell's Comp,100.0,58.56,83.05,101.09
2024-11-19,Caterpillar Inc,100.0,28.94,44.7,59.91
2024-11-19,Conagra Brands,100.0,86.29,114.06,133.92
2024-11-19,CSX Corp,100.0,23.49,37.21,50.06
2024-11-19,Danaher Corp,100.0,30.52,51.03,67.92
2024-11-19,Target Corp,100.0,52.48,68.42,81.95
2024-11-19,Deere & Co,100.0,35.08,52.08,70.95
2024-11-19,Dominion Energy,100.0,41.09,60.71,74.57
2024-11-19,Dow Chemical Co,100.0,103.26,138.08,162.03
2024-11-19,FedEx Corp,100.0,56.84,80.78,100.11
2024-11-19,Ford Motor Co,500.0,169.28,212.55,240.53
2024-11-19,Freeport-McMoRa,100.0,80.42,112.3,136.44
2024-11-19,General Electric,100.0,31.9,55.19,75.83
2024-11-19,General Mills Inc,100.0,50.68,68.22,85.18
2024-11-19,Halliburton Co,100.0,63.85,87.72,106.47
2024-11-19,Kraft Heinz Food,100.0,55.89,85.45,107.09
2024-11-19,HP Inc,100.0,79.01,103.43,132.0
2024-11-19,Home Depot Inc/,100.0,31.74,45.58,61.08
2024-11-19,International Bu,100.0,48.23,64.75,78.9
2024-11-19,International Pa,100.0,71.11,95.02,105.74
2024-11-19,Johnson & Johns,100.0,23.8,38.28,56.35
2024-11-19,Kroger Co/The,100.0,42.74,62.62,77.81
2024-11-19,Lennar Corp,500.0,88.06,126.53,148.36
2024-11-19,Lincoln National,100.0,123.88,162.05,186.84
2024-11-19,Lowe's Cos Inc,100.0,40.42,57.6,75.77
2024-11-19,McDonald's Corp,100.0,28.71,39.63,51.97
2024-11-19,Sekisui House US,100.0,70.84,105.3,141.35
2024-11-19,CVS Health Corp,100.0,55.41,81.95,103.38
2024-11-19,Motorola Solution,100.0,44.62,61.82,81.29
2024-11-19,Newmont Corp,100.0,41.5,60.61,82.07
2024-11-19,Norfolk Southern,100.0,24.77,37.94,52.51
2024-11-19,Northrop Grumm,100.0,27.52,41.46,54.74
2024-11-19,Occidental Petro,100.0,98.28,128.54,152.04
2024-11-19,Omnicom Group,100.0,52.53,68.94,86.96
2024-11-19,Pfizer Inc,100.0,37.16,60.08,85.6
2024-11-19,Exelon Corp,100.0,33.97,49.68,66.09
2024-11-19,Altria Group Inc,100.0,43.77,66.06,84.47
2024-11-19,ConocoPhillips,100.0,42.77,62.99,79.85
2024-11-19,PulteGroup Inc,500.0,79.79,113.42,138.88
2024-11-19,PNC Financial Se,100.0,57.63,75.89,89.19
2024-11-19,Procter & Gambl,100.0,26.9,37.68,49.27
2024-11-19,Ryder System In,100.0,67.05,94.5,116.44
2024-11-19,Sherwin-Williams,100.0,50.55,73.72,90.75
2024-11-19,Southern Co/The,100.0,40.41,59.51,75.92
2024-11-19,Southwest Airline,100.0,121.39,155.38,176.8
2024-11-19,AT&T Inc,100.0,65.25,88.03,104.64
2024-11-19,Toll Brothers Inc,100.0,90.23,128.48,159.02
2024-11-19,Johnson Controls,100.0,38.93,54.38,65.34
2024-11-19,Union Pacific Cor,100.0,26.82,39.29,52.57
2024-11-19,UnitedHealth Gro,100.0,46.82,68.0,85.37
2024-11-19,RTX Corp,100.0,39.69,55.04,69.56
2024-11-19,Walmart Inc,100.0,27.64,39.8,50.48
2024-11-19,Weyerhaeuser Co,100.0,34.16,49.53,66.82
2024-11-19,Williams Cos Inc,100.0,54.62,81.5,101.85
2024-11-19,AES Corp/The,500.0,116.75,158.21,178.27
2024-11-19,Amgen Inc,100.0,36.98,55.73,74.72
2024-11-19,Cisco Systems In,100.0,33.68,46.32,58.39
2024-11-19,Comcast Corp,100.0,62.91,80.37,100.88
2024-11-19,Dell Inc,100.0,76.63,106.63,127.01
2024-11-19,Intel Corp,100.0,74.96,93.42,108.41
2024-11-19,Oracle Corp,100.0,111.11,137.3,163.15
2024-11-19,Tyson Foods Inc,100.0,50.46,70.12,88.51
2024-11-19,Cardinal Health I,100.0,37.13,58.46,75.69
2024-11-19,DR Horton Inc,100.0,60.59,83.02,100.8
2024-11-19,Paramount Globa,100.0,148.36,187.3,207.15
2024-11-19,Canadian Natura,100.0,68.93,101.83,131.77
2024-11-19,Enbridge Inc,100.0,64.04,92.19,113.51
2024-11-19,Teck Resources,500.0,50.3,79.32,100.5
2024-11-19,Radian Group Inc,500.0,99.6,128.99,151.3
2024-11-19,Royal Caribbean,500.0,93.4,129.31,149.64
2024-11-19,Allstate Corp/Th,100.0,31.65,44.51,55.16
2024-11-19,BorgWarner Inc,100.0,58.39,85.51,107.52
2024-11-19,Eastman Chemica,100.0,100.25,131.18,150.59
2024-11-19,Prudential Finan,100.0,67.43,93.59,113.56
2024-11-19,United Parcel Se,100.0,34.93,51.01,64.63
2024-11-19,McKesson Corp,100.0,37.51,62.02,82.06
2024-11-19,Lockheed Martin,100.0,27.39,40.74,54.63
2024-11-19,Capital One Finan,100.0,82.46,108.32,132.18
2024-11-19,Ally Financial Inc,500.0,161.7,202.46,228.66
2024-11-19,Cox Communicat,100.0,58.28,77.62,97.89
2024-11-19,National Rural U,100.0,23.52,42.62,55.01
2024-11-19,Darden Restaura,100.0,53.45,74.46,94.72
2024-11-19,Quest Diagnostic,100.0,33.8,48.75,63.38
2024-11-19,NextEra Energy C,100.0,65.25,97.25,117.85
2024-11-19,Amazon.com Inc,100.0,41.27,55.72,67.75
2024-11-19,Block Financial L,500.0,71.49,104.64,130.64
2024-11-19,Valero Energy Co,100.0,53.99,83.83,105.65
2024-11-19,T-Mobile USA Inc,500.0,52.71,71.84,91.31
2024-11-19,FirstEnergy Corp,100.0,48.2,69.55,84.8
2024-11-19,Host Hotels & Re,100.0,84.89,122.15,146.61
2024-11-19,Sempra,100.0,36.26,56.25,73.63
2024-11-19,Simon Property,100.0,55.83,86.36,102.85
2024-11-19,Devon Energy Co,100.0,98.8,131.65,159.48
2024-11-19,Netflix Inc,500.0,38.2,57.31,64.46
2024-11-19,Packaging Corp o,100.0,37.49,50.8,64.5
2024-11-19,MetLife Inc,100.0,66.78,94.66,113.43
2024-11-19,Mondelez Interna,100.0,47.61,66.08,79.89
2024-11-19,TransCanada Pip,100.0,56.12,81.48,104.07
2024-11-19,Expedia Group In,100.0,63.61,95.23,113.08
2024-11-19,Energy Transfer,100.0,63.91,91.98,118.15
2024-11-19,Delta Air Lines I,500.0,116.28,156.36,179.99
2024-11-19,General Motors C,500.0,110.22,153.85,175.07
2024-11-19,Kinder Morgan In,100.0,62.09,88.25,108.7
2024-11-19,HCA Inc,500.0,59.71,87.51,110.94
2024-11-19,Marathon Petrole,500.0,64.04,92.25,114.97
2024-11-19,Ovintiv Inc,100.0,107.43,147.37,176.86
2024-11-19,DXC Technology,500.0,174.75,220.38,246.39
2024-11-19,Broadcom Inc,100.0,41.82,61.17,76.27
2024-11-19,Walt Disney Co/T,100.0,39.46,52.9,63.87
2024-11-19,APA Corp,100.0,110.26,144.38,170.73
2024-11-20,Advanced Micro D,500.0,44.72,66.35,79.29
2024-11-20,Honeywell Intern,100.0,26.68,39.62,52.4
2024-11-20,Barrick Mining C,100.0,39.26,59.97,78.95
2024-11-20,American Electri,100.0,33.75,49.42,64.69
2024-11-20,American Expres,100.0,31.48,46.83,59.24
2024-11-20,American Interna,100.0,62.25,88.95,107.51
2024-11-20,Arrow Electronic,100.0,84.8,108.45,128.52
2024-11-20,AutoZone Inc,100.0,37.89,52.8,69.41
2024-11-20,Avnet Inc,100.0,95.07,124.71,149.74
2024-11-20,Baxter Internatio,100.0,86.07,114.02,130.53
2024-11-20,Verizon Commun,100.0,61.07,82.44,102.15
2024-11-20,Best Buy Co Inc,500.0,68.48,93.14,118.59
2024-11-20,Boeing Co/The,100.0,71.46,90.77,106.08
2024-11-20,Boston Scientific,100.0,34.25,50.74,63.46
2024-11-20,Bristol-Myers Sq,100.0,37.65,53.87,69.27
2024-11-20,Campbell's Comp,100.0,58.54,85.65,105.39
2024-11-20,Caterpillar Inc,100.0,29.18,44.61,59.93
2024-11-20,Conagra Brands,100.0,85.6,111.24,129.96
2024-11-20,CSX Corp,100.0,23.93,36.69,48.93
2024-11-20,Danaher Corp,100.0,30.48,51.05,67.96
2024-11-20,Target Corp,100.0,53.09,68.26,81.83
2024-11-20,Deere & Co,100.0,35.41,51.94,70.45
2024-11-20,Dominion Energy,100.0,41.72,61.0,74.63
2024-11-20,Dow Chemical Co,100.0,103.29,136.13,159.01
2024-11-20,FedEx Corp,100.0,57.26,80.18,98.88
2024-11-20,Ford Motor Co,500.0,169.25,209.6,240.46
2024-11-20,Freeport-McMoRa,100.0,80.34,109.92,132.74
2024-11-20,General Electric,100.0,31.8,53.51,72.86
2024-11-20,General Mills Inc,100.0,50.35,67.82,84.89
2024-11-20,Halliburton Co,100.0,64.07,86.15,104.22
2024-11-20,Kraft Heinz Food,100.0,55.68,86.37,108.63
2024-11-20,HP Inc,100.0,77.36,104.1,132.5
2024-11-20,Home Depot Inc/,100.0,31.71,44.97,60.05
2024-11-20,International Bu,100.0,47.67,63.64,77.44
2024-11-20,International Pa,100.0,71.05,93.97,104.26
2024-11-20,Johnson & Johns,100.0,25.21,38.85,56.32
2024-11-20,Kroger Co/The,100.0,42.2,62.24,77.64
2024-11-20,Lennar Corp,500.0,86.31,123.61,141.23
2024-11-20,Lincoln National,100.0,125.76,156.86,177.86
2024-11-20,Lowe's Cos Inc,100.0,40.31,57.43,75.74
2024-11-20,McDonald's Corp,100.0,28.65,40.81,53.22
2024-11-20,Sekisui House US,100.0,71.15,111.11,150.85
2024-11-20,CVS Health Corp,100.0,54.41,84.55,108.27
2024-11-20,Motorola Solution,100.0,43.65,60.32,79.33
2024-11-20,Newmont Corp,100.0,41.35,61.82,84.33
2024-11-20,Norfolk Southern,100.0,25.19,35.74,48.46
2024-11-20,Northrop Grumm,100.0,28.02,41.33,54.17
2024-11-20,Occidental Petro,100.0,97.8,127.36,150.48
2024-11-20,Omnicom Group,100.0,52.85,68.74,86.34
2024-11-20,Pfizer Inc,100.0,36.65,58.8,83.66
2024-11-20,Exelon Corp,100.0,34.96,49.49,65.02
2024-11-20,Altria Group Inc,100.0,44.39,65.39,80.43
2024-11-20,ConocoPhillips,100.0,42.77,67.24,86.49
2024-11-20,PulteGroup Inc,500.0,79.58,111.18,135.52
2024-11-20,PNC Financial Se,100.0,57.65,74.23,86.58
2024-11-20,Procter & Gambl,100.0,27.42,36.76,47.29
2024-11-20,Ryder System In,100.0,67.04,94.71,120.05
2024-11-20,Sherwin-Williams,100.0,51.1,74.25,91.32
2024-11-20,Southern Co/The,100.0,41.91,60.24,76.11
2024-11-20,Southwest Airline,100.0,120.15,156.92,178.81
2024-11-20,AT&T Inc,100.0,64.92,87.83,105.12
2024-11-20,Toll Brothers Inc,100.0,87.65,124.17,151.23
2024-11-20,Johnson Controls,100.0,38.9,54.66,65.81
2024-11-20,Union Pacific Cor,100.0,27.52,38.5,50.73
2024-11-20,UnitedHealth Gro,100.0,46.25,66.93,84.15
2024-11-20,RTX Corp,100.0,39.75,54.46,68.55
2024-11-20,Walmart Inc,100.0,27.8,39.74,50.29
2024-11-20,Weyerhaeuser Co,100.0,34.05,47.46,63.27
2024-11-20,Williams Cos Inc,100.0,54.32,81.53,102.1
2024-11-20,AES Corp/The,500.0,116.41,158.14,178.3
2024-11-20,Amgen Inc,100.0,36.11,54.89,73.61
2024-11-20,Cisco Systems In,100.0,33.68,46.12,58.08
2024-11-20,Comcast Corp,100.0,60.78,76.69,96.03
2024-11-20,Dell Inc,100.0,76.47,107.27,128.08
2024-11-20,Intel Corp,100.0,74.33,92.59,107.51
2024-11-20,Oracle Corp,100.0,114.18,144.96,173.58
2024-11-20,Tyson Foods Inc,100.0,50.35,70.58,89.46
2024-11-20,Cardinal Health I,100.0,38.32,58.98,75.8
2024-11-20,DR Horton Inc,100.0,61.42,82.7,100.01
2024-11-20,Paramount Globa,100.0,145.11,184.55,205.46
2024-11-20,Canadian Natura,100.0,67.88,101.81,131.75
2024-11-20,Enbridge Inc,100.0,63.52,91.79,112.84
2024-11-20,Teck Resources,500.0,50.74,81.37,104.07
2024-11-20,Radian Group Inc,500.0,100.76,134.83,158.98
2024-11-20,Royal Caribbean,500.0,85.43,125.42,148.23
2024-11-20,Allstate Corp/Th,100.0,32.31,43.75,53.43
2024-11-20,BorgWarner Inc,100.0,57.74,84.17,105.79
2024-11-20,Eastman Chemica,100.0,100.18,130.54,150.71
2024-11-20,Prudential Finan,100.0,68.1,94.52,115.03
2024-11-20,United Parcel Se,100.0,35.28,50.7,63.88
2024-11-20,McKesson Corp,100.0,38.61,60.97,79.72
2024-11-20,Lockheed Martin,100.0,27.79,38.74,50.85
2024-11-20,Capital One Finan,100.0,82.27,108.58,132.73
2024-11-20,Ally Financial Inc,500.0,161.52,203.9,231.69
2024-11-20,Cox Communicat,100.0,59.15,77.67,97.84
2024-11-20,National Rural U,100.0,23.99,43.83,55.76
2024-11-20,Darden Restaura,100.0,53.25,78.3,96.02
2024-11-20,Quest Diagnostic,100.0,34.18,49.92,65.24
2024-11-20,NextEra Energy C,100.0,65.38,96.48,116.61
2024-11-20,Amazon.com Inc,100.0,40.17,54.34,66.25
2024-11-20,Block Financial L,500.0,71.48,105.67,132.26
2024-11-20,Valero Energy Co,100.0,53.84,84.97,107.75
2024-11-20,T-Mobile USA Inc,500.0,53.45,72.2,91.84
2024-11-20,FirstEnergy Corp,100.0,47.84,68.55,83.47
2024-11-20,Host Hotels & Re,100.0,84.74,121.98,147.18
2024-11-20,Sempra,100.0,36.2,56.25,73.67
2024-11-20,Simon Property,100.0,57.24,85.27,101.37
2024-11-20,Devon Energy Co,100.0,97.02,129.75,153.81
2024-11-20,Netflix Inc,500.0,36.33,56.21,63.08
2024-11-20,Packaging Corp o,100.0,38.72,50.03,64.58
2024-11-20,MetLife Inc,100.0,65.31,94.53,113.66
2024-11-20,Mondelez Interna,100.0,47.97,65.33,78.49
2024-11-20,TransCanada Pip,100.0,55.8,80.73,103.08
2024-11-20,Expedia Group In,100.0,63.66,96.13,114.84
2024-11-20,Energy Transfer,100.0,63.76,94.13,121.85
2024-11-20,Delta Air Lines I,500.0,115.18,155.04,178.6
2024-11-20,General Motors C,500.0,109.91,155.26,178.27
2024-11-20,Kinder Morgan In,100.0,61.96,86.58,106.14
2024-11-20,HCA Inc,500.0,59.37,89.0,113.03
2024-11-20,Marathon Petrole,500.0,63.47,90.28,112.21
2024-11-20,Ovintiv Inc,100.0,107.64,149.92,180.62
2024-11-20,DXC Technology,500.0,171.55,214.44,237.52
2024-11-20,Broadcom Inc,100.0,42.06,61.59,76.77
2024-11-20,Walt Disney Co/T,100.0,39.52,53.21,64.74
2024-11-20,APA Corp,100.0,109.89,143.61,169.8
2024-11-21,Advanced Micro D,500.0,45.31,64.21,75.74
2024-11-21,Honeywell Intern,100.0,28.01,41.95,55.17
2024-11-21,Barrick Mining C,100.0,39.26,61.91,82.55
2024-11-21,American Electri,100.0,33.56,49.56,65.2
2024-11-21,American Expres,100.0,31.66,48.72,62.15
2024-11-21,American Interna,100.0,62.04,88.77,106.97
2024-11-21,Arrow Electronic,100.0,84.97,109.75,129.83
2024-11-21,AutoZone Inc,100.0,38.77,53.31,69.72
2024-11-21,Avnet Inc,100.0,95.25,127.04,151.79
2024-11-21,Baxter Internatio,100.0,86.49,112.07,128.02
2024-11-21,Verizon Commun,100.0,61.07,83.93,103.52
2024-11-21,Best Buy Co Inc,500.0,70.83,96.8,123.39
2024-11-21,Boeing Co/The,100.0,72.21,89.9,104.38
2024-11-21,Boston Scientific,100.0,34.19,50.49,63.26
2024-11-21,Bristol-Myers Sq,100.0,38.04,53.35,68.18
2024-11-21,Campbell's Comp,100.0,59.72,86.99,106.88
2024-11-21,Caterpillar Inc,100.0,28.92,44.45,59.5
2024-11-21,Conagra Brands,100.0,84.24,113.37,134.09
2024-11-21,CSX Corp,100.0,24.04,36.43,48.42
2024-11-21,Danaher Corp,100.0,30.06,49.02,65.05
2024-11-21,Target Corp,100.0,54.24,68.77,82.05
2024-11-21,Deere & Co,100.0,34.74,51.97,70.99
2024-11-21,Dominion Energy,100.0,41.42,60.51,74.05
2024-11-21,Dow Chemical Co,100.0,102.17,136.15,159.68
2024-11-21,FedEx Corp,100.0,57.38,81.7,101.23
2024-11-21,Ford Motor Co,500.0,173.68,212.95,235.89
2024-11-21,Freeport-McMoRa,100.0,80.13,108.41,130.46
2024-11-21,General Electric,100.0,31.93,54.25,74.01
2024-11-21,General Mills Inc,100.0,52.41,69.58,86.38
2024-11-21,Halliburton Co,100.0,63.5,88.33,108.11
2024-11-21,Kraft Heinz Food,100.0,55.79,85.72,107.01
2024-11-21,HP Inc,100.0,78.82,103.54,132.03
2024-11-21,Home Depot Inc/,100.0,32.84,45.45,59.95
2024-11-21,International Bu,100.0,48.83,64.98,78.77
2024-11-21,International Pa,100.0,71.53,95.36,106.01
2024-11-21,Johnson & Johns,100.0,24.5,34.96,50.25
2024-11-21,Kroger Co/The,100.0,40.86,60.32,75.37
2024-11-21,Lennar Corp,500.0,87.6,126.26,140.4
2024-11-21,Lincoln National,100.0,125.55,161.74,185.64
2024-11-21,Lowe's Cos Inc,100.0,39.66,56.27,74.22
2024-11-21,McDonald's Corp,100.0,29.75,41.94,55.07
2024-11-21,Sekisui House US,100.0,69.21,97.0,128.83
2024-11-21,CVS Health Corp,100.0,54.42,79.51,100.24
2024-11-21,Motorola Solution,100.0,44.2,61.39,81.1
2024-11-21,Newmont Corp,100.0,40.7,62.62,86.21
2024-11-21,Norfolk Southern,100.0,25.09,36.13,49.2
2024-11-21,Northrop Grumm,100.0,27.77,39.84,51.83
2024-11-21,Occidental Petro,100.0,97.01,125.21,147.54
2024-11-21,Omnicom Group,100.0,52.92,70.37,87.88
2024-11-21,Pfizer Inc,100.0,36.94,57.61,81.5
2024-11-21,Exelon Corp,100.0,34.5,48.92,64.38
2024-11-21,Altria Group Inc,100.0,43.76,63.89,78.47
2024-11-21,ConocoPhillips,100.0,42.77,67.66,87.62
2024-11-21,PulteGroup Inc,500.0,79.01,110.66,135.07
2024-11-21,PNC Financial Se,100.0,56.96,74.88,88.03
2024-11-21,Procter & Gambl,100.0,26.87,36.41,47.24
2024-11-21,Ryder System In,100.0,67.14,93.54,118.63
2024-11-21,Sherwin-Williams,100.0,51.14,74.23,91.31
2024-11-21,Southern Co/The,100.0,39.85,60.65,78.13
2024-11-21,Southwest Airline,100.0,118.15,156.3,179.2
2024-11-21,AT&T Inc,100.0,64.48,86.93,102.79
2024-11-21,Toll Brothers Inc,100.0,90.2,125.68,151.29
2024-11-21,Johnson Controls,100.0,39.54,54.7,65.38
2024-11-21,Union Pacific Cor,100.0,26.72,38.61,51.8
2024-11-21,UnitedHealth Gro,100.0,46.15,67.03,84.19
2024-11-21,RTX Corp,100.0,38.74,53.27,67.26
2024-11-21,Walmart Inc,100.0,27.75,39.68,50.26
2024-11-21,Weyerhaeuser Co,100.0,36.13,50.15,66.49
2024-11-21,Williams Cos Inc,100.0,54.14,81.6,102.31
2024-11-21,AES Corp/The,500.0,115.26,155.77,175.47
2024-11-21,Amgen Inc,100.0,37.31,56.2,74.78
2024-11-21,Cisco Systems In,100.0,33.68,47.02,59.41
2024-11-21,Comcast Corp,100.0,60.06,76.45,96.15
2024-11-21,Dell Inc,100.0,75.26,103.91,123.62
2024-11-21,Intel Corp,100.0,74.54,93.34,108.53
2024-11-21,Oracle Corp,100.0,113.31,149.94,180.7
2024-11-21,Tyson Foods Inc,100.0,50.28,71.76,91.48
2024-11-21,Cardinal Health I,100.0,38.35,58.83,75.66
2024-11-21,DR Horton Inc,100.0,61.03,81.97,98.97
2024-11-21,Paramount Globa,100.0,140.77,183.78,204.38
2024-11-21,Canadian Natura,100.0,69.87,101.13,131.17
2024-11-21,Enbridge Inc,100.0,64.47,91.34,112.37
2024-11-21,Teck Resources,500.0,51.3,78.73,99.49
2024-11-21,Radian Group Inc,500.0,99.18,129.85,153.57
2024-11-21,Royal Caribbean,500.0,87.68,120.79,140.5
2024-11-21,Allstate Corp/Th,100.0,31.53,43.75,54.18
2024-11-21,BorgWarner Inc,100.0,57.96,85.38,107.58
2024-11-21,Eastman Chemica,100.0,101.81,133.02,152.93
2024-11-21,Prudential Finan,100.0,67.74,94.16,114.46
2024-11-21,United Parcel Se,100.0,34.86,50.75,64.29
2024-11-21,McKesson Corp,100.0,38.5,59.6,77.61
2024-11-21,Lockheed Martin,100.0,27.4,38.71,51.18
2024-11-21,Capital One Finan,100.0,81.66,107.55,131.45
2024-11-21,Ally Financial Inc,500.0,155.74,200.01,227.76
2024-11-21,Cox Communicat,100.0,59.81,79.18,100.14
2024-11-21,National Rural U,100.0,24.91,42.39,54.47
2024-11-21,Darden Restaura,100.0,53.55,79.34,97.08
2024-11-21,Quest Diagnostic,100.0,33.55,48.84,64.05
2024-11-21,NextEra Energy C,100.0,64.73,96.51,117.01
2024-11-21,Amazon.com Inc,100.0,40.61,55.67,68.07
2024-11-21,Block Financial L,500.0,70.95,107.75,135.96
2024-11-21,Valero Energy Co,100.0,54.11,83.64,105.18
2024-11-21,T-Mobile USA Inc,500.0,52.76,71.49,88.85
2024-11-21,FirstEnergy Corp,100.0,47.9,69.06,84.22
2024-11-21,Host Hotels & Re,100.0,85.04,119.73,143.85
2024-11-21,Sempra,100.0,36.48,55.31,71.95
2024-11-21,Simon Property,100.0,56.13,85.59,101.43
2024-11-21,Devon Energy Co,100.0,99.07,129.46,158.26
2024-11-21,Netflix Inc,500.0,36.19,54.6,61.89
2024-11-21,Packaging Corp o,100.0,38.76,50.23,64.93
2024-11-21,MetLife Inc,100.0,68.63,93.98,112.38
2024-11-21,Mondelez Interna,100.0,47.52,66.08,79.94
2024-11-21,TransCanada Pip,100.0,57.03,81.97,104.37
2024-11-21,Expedia Group In,100.0,63.44,91.72,103.29
2024-11-21,Energy Transfer,100.0,63.43,93.26,120.61
2024-11-21,Delta Air Lines I,500.0,114.07,151.74,174.37
2024-11-21,General Motors C,500.0,113.77,155.58,177.08
2024-11-21,Kinder Morgan In,100.0,61.59,86.71,106.56
2024-11-21,HCA Inc,500.0,60.63,85.93,108.28
2024-11-21,Marathon Petrole,500.0,63.58,92.28,115.2
2024-11-21,Ovintiv Inc,100.0,106.73,147.39,177.29
2024-11-21,DXC Technology,500.0,171.15,217.75,242.6
2024-11-21,Broadcom Inc,100.0,41.79,60.14,74.7
2024-11-21,Walt Disney Co/T,100.0,38.98,53.95,64.96
2024-11-21,APA Corp,100.0,107.81,140.03,165.49
2024-11-24,Advanced Micro D,500.0,44.9,61.38,71.39
2024-11-24,Ally Financial Inc,500.0,159.97,206.53,236.54
2024-11-24,Altria Group Inc,100.0,42.42,64.48,80.19
2024-11-24,Amazon.com Inc,100.0,41.21,57.06,69.91
2024-11-24,American Electri,100.0,34.33,50.29,65.73
2024-11-24,American Expres,100.0,31.67,46.93,59.29
2024-11-24,American Interna,100.0,62.35,91.69,111.63
2024-11-24,Amgen Inc,100.0,37.96,54.84,74.15
2024-11-24,APA Corp,100.0,107.41,139.65,165.16
2024-11-24,Arrow Electronic,100.0,83.69,108.75,129.09
2024-11-24,AT&T Inc,100.0,63.77,87.44,102.33
2024-11-24,AutoZone Inc,100.0,37.59,52.46,69.21
2024-11-24,Avnet Inc,100.0,94.02,125.78,150.64
2024-11-24,Barrick Mining C,100.0,39.49,61.14,82.35
2024-11-24,Baxter Internatio,100.0,85.83,113.2,129.97
2024-11-24,Best Buy Co Inc,500.0,68.64,93.2,119.69
2024-11-24,Block Financial L,500.0,72.72,105.05,130.48
2024-11-24,BorgWarner Inc,100.0,56.99,81.39,101.26
2024-11-24,Boston Scientific,100.0,33.7,50.77,64.07
2024-11-24,Bristol-Myers Sq,100.0,37.61,52.73,67.52
2024-11-24,Broadcom Inc,100.0,39.87,58.15,73.37
2024-11-24,Canadian Natura,100.0,69.3,101.85,132.43
2024-11-24,Capital One Finan,100.0,81.08,107.44,131.65
2024-11-24,Cardinal Health I,100.0,37.71,56.95,73.18
2024-11-24,Caterpillar Inc,100.0,28.78,44.77,60.84
2024-11-24,Cisco Systems In,100.0,33.68,46.3,58.69
2024-11-24,Comcast Corp,100.0,59.18,78.35,100.21
2024-11-24,Conagra Brands,100.0,84.07,113.79,134.84
2024-11-24,ConocoPhillips,100.0,42.77,61.25,73.63
2024-11-24,Cox Communicat,100.0,62.94,80.02,99.98
2024-11-24,CSX Corp,100.0,24.27,39.22,54.05
2024-11-24,CVS Health Corp,100.0,53.89,79.83,101.21
2024-11-24,DR Horton Inc,100.0,59.64,81.07,98.77
2024-11-24,Danaher Corp,100.0,30.21,50.28,66.96
2024-11-24,Darden Restaura,100.0,53.38,76.94,94.65
2024-11-24,Deere & Co,100.0,34.71,52.83,72.55
2024-11-24,Dell Inc,100.0,73.95,104.08,124.65
2024-11-24,Delta Air Lines I,500.0,113.09,152.85,175.91
2024-11-24,Devon Energy Co,100.0,98.05,130.87,162.58
2024-11-24,Dominion Energy,100.0,41.11,60.56,74.31
2024-11-24,DXC Technology,500.0,169.81,217.39,243.17
2024-11-24,Eastman Chemica,100.0,98.52,129.47,149.61
2024-11-24,Enbridge Inc,100.0,63.41,91.71,113.11
2024-11-24,Energy Transfer,100.0,63.54,93.59,121.09
2024-11-24,Exelon Corp,100.0,34.47,50.94,67.9
2024-11-24,Expedia Group In,100.0,63.6,96.47,110.26
2024-11-24,FedEx Corp,100.0,55.19,79.04,98.41
2024-11-24,FirstEnergy Corp,100.0,48.24,67.64,81.83
2024-11-24,Ford Motor Co,500.0,170.19,212.62,232.19
2024-11-24,Freeport-McMoRa,100.0,79.52,110.27,133.79
2024-11-24,General Electric,100.0,33.07,52.51,73.13
2024-11-24,General Mills Inc,100.0,50.31,67.65,84.88
2024-11-24,General Motors C,500.0,108.83,150.7,169.89
2024-11-24,Halliburton Co,100.0,62.67,90.94,112.57
2024-11-24,HCA Inc,500.0,60.4,85.22,106.85
2024-11-24,Honeywell Intern,100.0,26.57,40.59,53.29
2024-11-24,Host Hotels & Re,100.0,84.31,120.78,146.24
2024-11-24,HP Inc,100.0,78.15,103.31,132.06
2024-11-24,Intel Corp,100.0,73.41,94.5,111.09
2024-11-24,International Bu,100.0,48.85,65.58,80.12
2024-11-24,International Pa,100.0,69.62,93.02,103.61
2024-11-24,Johnson & Johns,100.0,24.96,41.07,59.21
2024-11-24,Johnson Controls,100.0,39.47,53.82,65.49
2024-11-24,Kinder Morgan In,100.0,60.92,86.1,106.05
2024-11-24,Kraft Heinz Food,100.0,55.72,86.37,108.67
2024-11-24,Lennar Corp,500.0,84.88,122.73,144.03
2024-11-24,Lincoln National,100.0,125.81,163.8,188.06
2024-11-24,Lockheed Martin,100.0,27.3,40.99,55.22
2024-11-24,Lowe's Cos Inc,100.0,40.46,56.91,74.6
2024-11-24,Sekisui House US,100.0,67.9,101.25,137.01
2024-11-24,Marathon Petrole,500.0,63.74,95.5,120.45
2024-11-24,McDonald's Corp,100.0,28.41,40.1,53.1
2024-11-24,McKesson Corp,100.0,37.74,59.14,77.53
2024-11-24,MetLife Inc,100.0,67.31,95.08,113.56
2024-11-24,Mondelez Interna,100.0,46.96,65.8,79.86
2024-11-24,Motorola Solution,100.0,43.89,61.71,81.62
2024-11-24,National Rural U,100.0,23.31,43.2,55.98
2024-11-24,Netflix Inc,500.0,36.36,55.67,63.24
2024-11-24,Newmont Corp,100.0,39.23,59.86,81.84
2024-11-24,NextEra Energy C,100.0,62.92,95.57,116.62
2024-11-24,Norfolk Southern,100.0,24.97,40.07,57.5
2024-11-24,Northrop Grumm,100.0,28.1,42.09,54.41
2024-11-24,Occidental Petro,100.0,97.06,126.19,149.07
2024-11-24,Omnicom Group,100.0,52.7,69.43,86.07
2024-11-24,Oracle Corp,100.0,121.06,149.95,177.01
2024-11-24,Ovintiv Inc,100.0,106.91,147.41,177.24
2024-11-24,Packaging Corp o,100.0,38.74,53.18,70.3
2024-11-24,Paramount Globa,100.0,139.82,182.52,201.44
2024-11-24,Pfizer Inc,100.0,38.2,59.09,84.05
2024-11-24,Prudential Finan,100.0,69.48,93.51,112.73
2024-11-24,PulteGroup Inc,500.0,76.64,113.74,141.28
2024-11-24,Quest Diagnostic,100.0,33.72,48.9,63.93
2024-11-24,Radian Group Inc,500.0,100.83,131.87,155.3
2024-11-24,Royal Caribbean,500.0,85.18,121.4,142.27
2024-11-24,RTX Corp,100.0,38.91,55.88,71.51
2024-11-24,Ryder System In,100.0,67.48,95.68,122.13
2024-11-24,Sempra,100.0,36.0,55.04,71.83
2024-11-24,Southwest Airline,100.0,116.9,152.97,175.19
2024-11-24,T-Mobile USA Inc,500.0,52.75,70.67,87.72
2024-11-24,Target Corp,100.0,51.79,68.25,82.02
2024-11-24,Teck Resources,500.0,51.1,83.23,107.06
2024-11-24,AES Corp/The,500.0,113.13,154.91,175.28
2024-11-24,Allstate Corp/Th,100.0,31.28,46.04,57.92
2024-11-24,Boeing Co/The,100.0,72.58,93.72,111.09
2024-11-24,Campbell's Comp,100.0,58.13,85.74,105.92
2024-11-24,Dow Chemical Co,100.0,100.92,132.82,155.3
2024-11-24,Home Depot Inc/,100.0,31.88,45.98,61.79
2024-11-24,Kroger Co/The,100.0,42.13,62.28,77.6
2024-11-24,PNC Financial Se,100.0,57.06,74.8,87.83
2024-11-24,Procter & Gambl,100.0,26.62,37.78,49.74
2024-11-24,Sherwin-Williams,100.0,51.19,78.95,98.66
2024-11-24,Southern Co/The,100.0,41.35,60.39,76.79
2024-11-24,Walt Disney Co/T,100.0,37.86,51.56,63.09
2024-11-24,Williams Cos Inc,100.0,54.78,86.17,109.09
2024-11-24,Toll Brothers Inc,100.0,88.61,126.4,155.96
2024-11-24,TransCanada Pip,100.0,56.31,82.2,105.21
2024-11-24,Tyson Foods Inc,100.0,50.31,71.95,91.76
2024-11-24,Union Pacific Cor,100.0,27.16,40.44,54.58
2024-11-24,United Parcel Se,100.0,35.25,50.51,63.59
2024-11-24,UnitedHealth Gro,100.0,45.72,64.48,79.99
2024-11-24,Valero Energy Co,100.0,53.26,84.11,106.45
2024-11-24,Verizon Commun,100.0,61.07,82.51,102.97
2024-11-24,Walmart Inc,100.0,27.57,41.57,53.41
2024-11-24,Weyerhaeuser Co,100.0,34.18,48.1,64.54
2024-11-24,Simon Property,100.0,55.09,85.46,102.73
2024-11-25,Advanced Micro D,500.0,43.97,61.38,71.39
2024-11-25,Ally Financial Inc,500.0,159.57,206.53,236.54
2024-11-25,Altria Group Inc,100.0,42.42,64.48,80.19
2024-11-25,Amazon.com Inc,100.0,41.21,57.06,69.91
2024-11-25,American Electri,100.0,34.54,50.81,66.57
2024-11-25,American Expres,100.0,31.67,46.93,59.29
2024-11-25,American Interna,100.0,61.55,91.69,111.63
2024-11-25,Amgen Inc,100.0,36.11,54.74,73.53
2024-11-25,APA Corp,100.0,107.41,139.65,165.16
2024-11-25,Arrow Electronic,100.0,82.66,107.44,127.71
2024-11-25,AT&T Inc,100.0,63.77,87.44,102.33
2024-11-25,AutoZone Inc,100.0,37.0,52.9,70.38
2024-11-25,Avnet Inc,100.0,92.74,124.17,149.0
2024-11-25,Barrick Mining C,100.0,37.77,57.33,75.61
2024-11-25,Baxter Internatio,100.0,85.3,113.2,129.97
2024-11-25,Best Buy Co Inc,500.0,66.12,91.39,116.92
2024-11-25,Block Financial L,500.0,72.72,105.05,130.48
2024-11-25,BorgWarner Inc,100.0,56.99,81.39,101.26
2024-11-25,Boston Scientific,100.0,33.76,51.29,64.77
2024-11-25,Bristol-Myers Sq,100.0,37.61,53.98,69.57
2024-11-25,Broadcom Inc,100.0,39.87,58.15,73.37
2024-11-25,Canadian Natura,100.0,67.55,101.85,132.43
2024-11-25,Capital One Finan,100.0,81.08,107.44,131.65
2024-11-25,Cardinal Health I,100.0,37.25,58.33,75.67
2024-11-25,Caterpillar Inc,100.0,28.2,44.77,60.84
2024-11-25,Cisco Systems In,100.0,33.68,45.12,56.01
2024-11-25,Comcast Corp,100.0,59.18,78.35,100.21
2024-11-25,Conagra Brands,100.0,84.07,113.79,134.84
2024-11-25,ConocoPhillips,100.0,42.77,61.25,73.63
2024-11-25,Cox Communicat,100.0,62.94,79.3,98.37
2024-11-25,CSX Corp,100.0,23.83,38.63,53.43
2024-11-25,CVS Health Corp,100.0,53.48,79.83,101.21
2024-11-25,DR Horton Inc,100.0,59.01,81.07,98.77
2024-11-25,Danaher Corp,100.0,30.21,50.28,66.96
2024-11-25,Darden Restaura,100.0,52.52,77.31,95.95
2024-11-25,Deere & Co,100.0,34.71,52.83,72.55
2024-11-25,Dell Inc,100.0,73.95,104.08,124.65
2024-11-25,Delta Air Lines I,500.0,113.09,152.85,175.91
2024-11-25,Devon Energy Co,100.0,97.95,130.87,152.64
2024-11-25,Dominion Energy,100.0,41.11,60.56,74.31
2024-11-25,DXC Technology,500.0,168.84,214.24,239.6
2024-11-25,Eastman Chemica,100.0,99.26,129.22,149.77
2024-11-25,Enbridge Inc,100.0,63.24,91.71,113.11
2024-11-25,Energy Transfer,100.0,63.54,93.59,121.09
2024-11-25,Exelon Corp,100.0,34.47,50.94,67.9
2024-11-25,Expedia Group In,100.0,62.52,96.47,110.26
2024-11-25,FedEx Corp,100.0,55.19,79.04,98.41
2024-11-25,FirstEnergy Corp,100.0,48.24,67.64,81.83
2024-11-25,Ford Motor Co,500.0,167.59,212.62,232.19
2024-11-25,Freeport-McMoRa,100.0,79.52,110.27,133.79
2024-11-25,General Electric,100.0,32.24,53.12,75.49
2024-11-25,General Mills Inc,100.0,49.46,67.76,85.61
2024-11-25,General Motors C,500.0,107.37,150.92,170.57
2024-11-25,Halliburton Co,100.0,62.78,90.94,112.57
2024-11-25,HCA Inc,500.0,58.94,85.22,106.85
2024-11-25,Honeywell Intern,100.0,25.87,40.29,53.03
2024-11-25,Host Hotels & Re,100.0,83.21,120.78,146.24
2024-11-25,HP Inc,100.0,77.59,103.31,132.06
2024-11-25,Intel Corp,100.0,73.41,94.5,111.09
2024-11-25,International Bu,100.0,46.19,64.12,78.38
2024-11-25,International Pa,100.0,69.62,93.02,103.61
2024-11-25,Johnson & Johns,100.0,24.97,41.89,60.63
2024-11-25,Johnson Controls,100.0,39.02,56.31,69.75
2024-11-25,Kinder Morgan In,100.0,60.92,86.1,106.05
2024-11-25,Kraft Heinz Food,100.0,54.87,88.72,116.21
2024-11-25,Lennar Corp,500.0,83.42,119.92,144.03
2024-11-25,Lincoln National,100.0,124.0,157.58,180.01
2024-11-25,Lockheed Martin,100.0,27.11,40.15,52.55
2024-11-25,Lowe's Cos Inc,100.0,39.89,57.33,75.93
2024-11-25,Sekisui House US,100.0,67.9,101.25,137.01
2024-11-25,Marathon Petrole,500.0,63.44,95.5,120.45
2024-11-25,McDonald's Corp,100.0,27.86,39.46,51.91
2024-11-25,McKesson Corp,100.0,36.63,58.78,77.71
2024-11-25,MetLife Inc,100.0,68.73,95.08,113.56
2024-11-25,Mondelez Interna,100.0,46.96,65.8,79.86
2024-11-25,Motorola Solution,100.0,42.63,60.13,79.23
2024-11-25,National Rural U,100.0,23.72,43.44,56.26
2024-11-25,Netflix Inc,500.0,36.36,55.67,63.24
2024-11-25,Newmont Corp,100.0,39.23,59.86,81.84
2024-11-25,NextEra Energy C,100.0,62.92,95.57,116.62
2024-11-25,Norfolk Southern,100.0,24.85,37.92,53.74
2024-11-25,Northrop Grumm,100.0,28.1,42.09,54.41
2024-11-25,Occidental Petro,100.0,97.06,126.19,149.07
2024-11-25,Omnicom Group,100.0,52.58,68.21,85.84
2024-11-25,Oracle Corp,100.0,121.06,149.95,177.01
2024-11-25,Ovintiv Inc,100.0,106.91,147.41,177.24
2024-11-25,Packaging Corp o,100.0,38.62,52.62,69.42
2024-11-25,Paramount Globa,100.0,139.82,184.3,206.08
2024-11-25,Pfizer Inc,100.0,36.39,57.06,81.14
2024-11-25,Prudential Finan,100.0,68.53,93.51,112.73
2024-11-25,PulteGroup Inc,500.0,76.64,113.74,141.28
2024-11-25,Quest Diagnostic,100.0,33.78,49.91,65.5
2024-11-25,Radian Group Inc,500.0,101.3,131.87,155.3
2024-11-25,Royal Caribbean,500.0,84.94,124.1,146.31
2024-11-25,RTX Corp,100.0,38.91,55.88,71.51
2024-11-25,Ryder System In,100.0,67.44,95.68,122.13
2024-11-25,Sempra,100.0,36.0,55.04,71.83
2024-11-25,Southwest Airline,100.0,115.5,152.97,175.19
2024-11-25,T-Mobile USA Inc,500.0,51.95,71.22,90.68
2024-11-25,Target Corp,100.0,50.74,67.79,81.27
2024-11-25,Teck Resources,500.0,50.64,83.23,107.06
2024-11-25,AES Corp/The,500.0,113.13,154.91,175.28
2024-11-25,Allstate Corp/Th,100.0,31.22,43.97,54.64
2024-11-25,Boeing Co/The,100.0,72.7,93.72,111.09
2024-11-25,Campbell's Comp,100.0,57.39,82.5,101.31
2024-11-25,Dow Chemical Co,100.0,100.92,132.82,155.3
2024-11-25,Home Depot Inc/,100.0,31.03,46.71,63.8
2024-11-25,Kroger Co/The,100.0,41.85,62.47,78.13
2024-11-25,PNC Financial Se,100.0,57.06,74.8,87.83
2024-11-25,Procter & Gambl,100.0,26.43,37.28,49.01
2024-11-25,Sherwin-Williams,100.0,50.39,74.97,93.11
2024-11-25,Southern Co/The,100.0,41.35,60.39,76.79
2024-11-25,Walt Disney Co/T,100.0,37.86,51.56,63.09
2024-11-25,Williams Cos Inc,100.0,54.78,86.17,109.09
2024-11-25,Toll Brothers Inc,100.0,85.09,123.82,155.96
2024-11-25,TransCanada Pip,100.0,55.15,80.64,103.8
2024-11-25,Tyson Foods Inc,100.0,49.28,68.9,87.53
2024-11-25,Union Pacific Cor,100.0,27.0,39.12,52.35
2024-11-25,United Parcel Se,100.0,34.74,51.01,64.83
2024-11-25,UnitedHealth Gro,100.0,45.13,66.33,83.32
2024-11-25,Valero Energy Co,100.0,53.11,84.11,106.45
2024-11-25,Verizon Commun,100.0,61.07,81.66,101.1
2024-11-25,Walmart Inc,100.0,26.74,39.74,51.15
2024-11-25,Weyerhaeuser Co,100.0,33.54,47.5,63.83
2024-11-25,Simon Property,100.0,53.22,83.96,100.67
2024-11-26,Advanced Micro D,500.0,44.07,60.75,77.27
2024-11-26,Ally Financial Inc,500.0,154.16,197.54,225.59
2024-11-26,Altria Group Inc,100.0,42.23,63.77,79.22
2024-11-26,Amazon.com Inc,100.0,41.27,56.5,68.99
2024-11-26,American Electri,100.0,34.04,49.95,65.47
2024-11-26,American Expres,100.0,30.37,50.42,65.68
2024-11-26,American Interna,100.0,61.33,90.13,109.88
2024-11-26,Amgen Inc,100.0,35.52,54.47,73.66
2024-11-26,APA Corp,100.0,107.92,138.25,162.75
2024-11-26,Arrow Electronic,100.0,80.66,107.14,127.66
2024-11-26,AT&T Inc,100.0,63.83,85.57,100.75
2024-11-26,AutoZone Inc,100.0,36.42,51.25,67.96
2024-11-26,Avnet Inc,100.0,89.88,124.18,149.28
2024-11-26,Barrick Mining C,100.0,37.04,60.43,82.73
2024-11-26,Baxter Internatio,100.0,86.64,112.57,128.69
2024-11-26,Best Buy Co Inc,500.0,65.24,90.31,117.63
2024-11-26,Block Financial L,500.0,71.69,105.28,131.54
2024-11-26,BorgWarner Inc,100.0,55.33,79.52,99.36
2024-11-26,Boston Scientific,100.0,33.15,50.64,64.22
2024-11-26,Bristol-Myers Sq,100.0,37.17,53.75,69.53
2024-11-26,Broadcom Inc,100.0,39.1,59.47,73.52
2024-11-26,Canadian Natura,100.0,67.31,98.98,128.57
2024-11-26,Capital One Finan,100.0,78.09,102.4,125.53
2024-11-26,Cardinal Health I,100.0,36.36,58.43,76.56
2024-11-26,Caterpillar Inc,100.0,27.29,45.48,61.37
2024-11-26,Cisco Systems In,100.0,33.68,46.29,58.08
2024-11-26,Comcast Corp,100.0,57.82,77.71,100.12
2024-11-26,Conagra Brands,100.0,83.03,115.14,137.6
2024-11-26,ConocoPhillips,100.0,42.77,65.18,80.03
2024-11-26,Cox Communicat,100.0,62.82,81.58,102.38
2024-11-26,CSX Corp,100.0,22.88,35.98,49.64
2024-11-26,CVS Health Corp,100.0,52.48,81.07,103.45
2024-11-26,DR Horton Inc,100.0,56.51,77.5,94.44
2024-11-26,Danaher Corp,100.0,29.51,49.37,65.98
2024-11-26,Darden Restaura,100.0,51.35,77.19,100.68
2024-11-26,Deere & Co,100.0,35.36,51.64,70.0
2024-11-26,Dell Inc,100.0,74.14,103.06,122.98
2024-11-26,Delta Air Lines I,500.0,108.68,147.49,170.38
2024-11-26,Devon Energy Co,100.0,96.54,128.92,158.86
2024-11-26,Dominion Energy,100.0,42.13,60.35,73.4
2024-11-26,DXC Technology,500.0,164.61,212.54,237.52
2024-11-26,Eastman Chemica,100.0,97.75,127.86,148.01
2024-11-26,Enbridge Inc,100.0,62.86,90.77,112.0
2024-11-26,Energy Transfer,100.0,62.44,90.56,116.84
2024-11-26,Exelon Corp,100.0,34.12,50.16,66.86
2024-11-26,Expedia Group In,100.0,62.45,86.24,96.56
2024-11-26,FedEx Corp,100.0,54.71,78.94,98.57
2024-11-26,FirstEnergy Corp,100.0,48.07,69.33,84.58
2024-11-26,Ford Motor Co,500.0,166.95,211.29,231.7
2024-11-26,Freeport-McMoRa,100.0,77.63,109.16,133.26
2024-11-26,General Electric,100.0,31.88,51.62,73.26
2024-11-26,General Mills Inc,100.0,49.52,66.95,84.21
2024-11-26,General Motors C,500.0,106.9,153.34,170.61
2024-11-26,Halliburton Co,100.0,61.45,87.37,107.6
2024-11-26,HCA Inc,500.0,58.74,84.14,105.39
2024-11-26,Honeywell Intern,100.0,26.51,41.14,54.73
2024-11-26,Host Hotels & Re,100.0,83.36,120.6,146.35
2024-11-26,HP Inc,100.0,78.84,104.56,133.4
2024-11-26,Intel Corp,100.0,71.62,89.74,104.68
2024-11-26,International Bu,100.0,45.32,63.79,77.5
2024-11-26,International Pa,100.0,67.26,90.14,100.69
2024-11-26,Johnson & Johns,100.0,24.4,39.73,57.46
2024-11-26,Johnson Controls,100.0,38.33,52.53,64.28
2024-11-26,Kinder Morgan In,100.0,60.94,87.73,108.64
2024-11-26,Kraft Heinz Food,100.0,54.7,81.58,107.61
2024-11-26,Lennar Corp,500.0,80.95,116.42,135.35
2024-11-26,Lincoln National,100.0,121.13,155.54,178.77
2024-11-26,Lockheed Martin,100.0,26.18,39.03,51.32
2024-11-26,Lowe's Cos Inc,100.0,38.23,55.68,74.39
2024-11-26,Sekisui House US,100.0,67.41,87.49,113.86
2024-11-26,Marathon Petrole,500.0,62.47,94.75,119.49
2024-11-26,McDonald's Corp,100.0,27.52,40.93,53.83
2024-11-26,McKesson Corp,100.0,35.74,59.71,79.78
2024-11-26,MetLife Inc,100.0,67.87,93.8,111.54
2024-11-26,Mondelez Interna,100.0,45.25,65.18,79.94
2024-11-26,Motorola Solution,100.0,43.28,61.17,80.92
2024-11-26,National Rural U,100.0,23.81,42.45,55.19
2024-11-26,Netflix Inc,500.0,36.49,54.42,63.72
2024-11-26,Newmont Corp,100.0,38.8,60.32,83.01
2024-11-26,NextEra Energy C,100.0,64.05,96.03,116.61
2024-11-26,Norfolk Southern,100.0,24.24,34.91,48.89
2024-11-26,Northrop Grumm,100.0,26.8,41.37,54.11
2024-11-26,Occidental Petro,100.0,95.48,124.09,146.75
2024-11-26,Omnicom Group,100.0,51.56,67.31,84.71
2024-11-26,Oracle Corp,100.0,124.01,155.8,187.83
2024-11-26,Ovintiv Inc,100.0,106.34,145.83,171.35
2024-11-26,Packaging Corp o,100.0,38.27,50.28,65.52
2024-11-26,Paramount Globa,100.0,140.05,184.21,203.63
2024-11-26,Pfizer Inc,100.0,36.76,54.87,77.46
2024-11-26,Prudential Finan,100.0,68.15,93.93,114.15
2024-11-26,PulteGroup Inc,500.0,74.06,105.89,130.71
2024-11-26,Quest Diagnostic,100.0,33.18,48.46,63.83
2024-11-26,Radian Group Inc,500.0,99.7,124.1,145.24
2024-11-26,Royal Caribbean,500.0,84.89,120.16,140.6
2024-11-26,RTX Corp,100.0,39.07,55.77,68.82
2024-11-26,Ryder System In,100.0,65.76,94.11,120.3
2024-11-26,Sempra,100.0,35.19,55.0,72.3
2024-11-26,Southwest Airline,100.0,113.86,152.38,175.9
2024-11-26,T-Mobile USA Inc,500.0,52.01,71.97,90.16
2024-11-26,Target Corp,100.0,51.51,68.34,80.59
2024-11-26,Teck Resources,500.0,49.51,78.12,100.38
2024-11-26,AES Corp/The,500.0,110.49,150.25,169.8
2024-11-26,Allstate Corp/Th,100.0,30.66,42.04,51.97
2024-11-26,Boeing Co/The,100.0,72.93,99.76,116.8
2024-11-26,Campbell's Comp,100.0,57.34,83.18,102.44
2024-11-26,Dow Chemical Co,100.0,99.96,133.45,156.87
2024-11-26,Home Depot Inc/,100.0,31.51,45.74,60.57
2024-11-26,Kroger Co/The,100.0,40.51,60.48,75.91
2024-11-26,PNC Financial Se,100.0,56.38,73.43,86.11
2024-11-26,Procter & Gambl,100.0,25.55,36.19,47.88
2024-11-26,Sherwin-Williams,100.0,49.23,71.84,88.92
2024-11-26,Southern Co/The,100.0,41.7,61.78,78.93
2024-11-26,Walt Disney Co/T,100.0,37.48,52.17,62.62
2024-11-26,Williams Cos Inc,100.0,53.2,82.81,104.83
2024-11-26,Toll Brothers Inc,100.0,84.14,119.5,143.8
2024-11-26,TransCanada Pip,100.0,55.26,80.79,103.37
2024-11-26,Tyson Foods Inc,100.0,47.56,68.61,88.12
2024-11-26,Union Pacific Cor,100.0,26.38,38.54,51.9
2024-11-26,United Parcel Se,100.0,33.8,50.22,64.23
2024-11-26,UnitedHealth Gro,100.0,44.33,65.72,82.84
2024-11-26,Valero Energy Co,100.0,52.67,81.29,102.17
2024-11-26,Verizon Commun,100.0,61.07,80.94,99.38
2024-11-26,Walmart Inc,100.0,26.63,39.14,50.21
2024-11-26,Weyerhaeuser Co,100.0,34.61,48.27,64.23
2024-11-26,Simon Property,100.0,53.35,81.75,98.01
2024-12-01,Advanced Micro D,500.0,43.97,63.96,83.16
2024-12-01,Ally Financial Inc,500.0,152.69,196.98,227.14
2024-12-01,Altria Group Inc,100.0,41.79,61.33,75.79
2024-12-01,Amazon.com Inc,100.0,39.76,53.97,65.17
2024-12-01,American Electri,100.0,33.36,50.54,67.06
2024-12-01,American Expres,100.0,30.3,46.4,59.38
2024-12-01,American Interna,100.0,61.47,86.06,104.04
2024-12-01,Amgen Inc,100.0,35.01,51.08,69.97
2024-12-01,APA Corp,100.0,107.24,135.84,159.42
2024-12-01,Arrow Electronic,100.0,79.17,102.73,122.34
2024-12-01,AT&T Inc,100.0,63.27,85.36,100.29
2024-12-01,AutoZone Inc,100.0,35.62,51.7,69.25
2024-12-01,Avnet Inc,100.0,88.12,120.26,144.51
2024-12-01,Barrick Mining C,100.0,38.13,58.35,76.73
2024-12-01,Baxter Internatio,100.0,86.12,113.06,129.69
2024-12-01,Best Buy Co Inc,500.0,64.71,86.95,110.68
2024-12-01,Block Financial L,500.0,70.29,106.63,134.59
2024-12-01,BorgWarner Inc,100.0,55.64,78.76,98.06
2024-12-01,Boston Scientific,100.0,32.82,50.68,64.19
2024-12-01,Bristol-Myers Sq,100.0,36.99,52.79,67.78
2024-12-01,Broadcom Inc,100.0,38.51,57.33,70.61
2024-12-01,Canadian Natura,100.0,56.12,84.29,104.86
2024-12-01,Capital One Finan,100.0,77.79,103.85,128.05
2024-12-01,Cardinal Health I,100.0,43.79,65.73,78.23
2024-12-01,Caterpillar Inc,100.0,37.99,60.84,80.87
2024-12-01,Cisco Systems In,100.0,29.25,44.72,55.87
2024-12-01,Comcast Corp,100.0,58.36,73.81,92.51
2024-12-01,Conagra Brands,100.0,42.77,63.31,77.76
2024-12-01,ConocoPhillips,100.0,37.04,53.45,72.24
2024-12-01,Cox Communicat,100.0,67.74,88.24,106.74
2024-12-01,CSX Corp,100.0,27.48,44.69,55.84
2024-12-01,CVS Health Corp,100.0,50.85,76.4,96.53
2024-12-01,DR Horton Inc,100.0,56.85,77.97,95.3
2024-12-01,Danaher Corp,100.0,30.77,54.84,69.35
2024-12-01,Darden Restaura,100.0,34.28,50.8,69.35
2024-12-01,Deere & Co,100.0,72.44,103.5,124.69
2024-12-01,Dell Inc,100.0,72.44,103.5,124.69
2024-12-01,Delta Air Lines I,500.0,106.68,146.2,169.69
2024-12-01,Devon Energy Co,100.0,94.88,129.62,154.49
2024-12-01,Dominion Energy,100.0,41.21,60.11,73.71
2024-12-01,DXC Technology,500.0,162.69,209.93,236.19
2024-12-01,Eastman Chemica,100.0,96.74,127.3,146.36
2024-12-01,Enbridge Inc,100.0,61.56,89.34,110.62
2024-12-01,Energy Transfer,100.0,60.88,90.34,117.52
2024-12-01,Exelon Corp,100.0,34.07,49.92,66.59
2024-12-01,Expedia Group In,100.0,61.04,92.94,106.26
2024-12-01,FedEx Corp,100.0,54.12,75.53,93.55
2024-12-01,FirstEnergy Corp,100.0,47.1,71.71,89.02
2024-12-01,Ford Motor Co,500.0,163.98,207.28,227.08
2024-12-01,Freeport-McMoRa,100.0,78.1,108.86,132.5
2024-12-01,General Electric,100.0,31.39,50.89,72.87
2024-12-01,General Mills Inc,100.0,48.32,65.98,83.45
2024-12-01,General Motors C,500.0,106.63,152.14,169.7
2024-12-01,Halliburton Co,100.0,60.98,85.98,109.02
2024-12-01,HCA Inc,500.0,57.45,83.0,104.18
2024-12-01,Honeywell Intern,100.0,27.17,39.8,52.49
2024-12-01,Host Hotels & Re,100.0,80.94,117.51,142.1
2024-12-01,HP Inc,100.0,78.19,103.4,132.76
2024-12-01,Intel Corp,100.0,71.54,90.46,105.93
2024-12-01,International Bu,100.0,43.72,63.11,77.49
2024-12-01,International Pa,100.0,66.36,88.68,99.07
2024-12-01,Johnson & Johns,100.0,23.64,40.98,59.67
2024-12-01,Johnson Controls,100.0,37.79,60.35,76.97
2024-12-01,Kinder Morgan In,100.0,59.21,85.35,105.83
2024-12-01,Kraft Heinz Food,100.0,54.29,83.82,107.8
2024-12-01,Lennar Corp,500.0,79.66,115.48,135.31
2024-12-01,Lincoln National,100.0,120.07,151.32,172.67
2024-12-01,Lockheed Martin,100.0,25.88,40.77,54.32
2024-12-01,Lowe's Cos Inc,100.0,38.43,54.26,71.45
2024-12-01,Sekisui House US,100.0,65.56,88.69,117.53
2024-12-01,Marathon Petrole,500.0,62.99,92.0,116.52
2024-12-01,McDonald's Corp,100.0,26.85,39.11,51.94
2024-12-01,McKesson Corp,100.0,35.69,58.35,77.37
2024-12-01,MetLife Inc,100.0,67.95,93.67,111.49
2024-12-01,Mondelez Interna,100.0,44.36,63.66,78.21
2024-12-01,Motorola Solution,100.0,42.47,59.5,78.46
2024-12-01,National Rural U,100.0,23.57,41.71,54.13
2024-12-01,Netflix Inc,500.0,36.0,54.89,62.56
2024-12-01,Newmont Corp,100.0,38.36,58.35,79.95
2024-12-01,NextEra Energy C,100.0,63.04,94.1,114.55
2024-12-01,Norfolk Southern,100.0,22.89,37.89,55.34
2024-12-01,Northrop Grumm,100.0,25.72,38.41,49.99
2024-12-01,Occidental Petro,100.0,93.55,123.23,146.58
2024-12-01,Omnicom Group,100.0,51.46,67.5,85.48
2024-12-01,Oracle Corp,100.0,129.09,153.28,178.79
2024-12-01,Ovintiv Inc,100.0,102.8,145.08,172.21
2024-12-01,Packaging Corp o,100.0,37.01,53.25,71.69
2024-12-01,Paramount Globa,100.0,138.5,180.5,201.1
2024-12-01,Pfizer Inc,100.0,36.22,49.7,68.24
2024-12-01,Prudential Finan,100.0,67.05,90.0,108.25
2024-12-01,PulteGroup Inc,500.0,72.38,102.64,126.84
2024-12-01,Quest Diagnostic,100.0,32.43,52.46,70.49
2024-12-01,Radian Group Inc,500.0,98.22,125.02,148.14
2024-12-01,Royal Caribbean,500.0,83.11,119.71,141.04
2024-12-01,RTX Corp,100.0,37.96,54.45,67.47
2024-12-01,Ryder System In,100.0,65.55,93.5,120.24
2024-12-01,Sempra,100.0,36.14,55.02,71.83
2024-12-01,Southwest Airline,100.0,111.95,147.13,169.09
2024-12-01,T-Mobile USA Inc,500.0,50.5,69.33,86.41
2024-12-01,Target Corp,100.0,50.05,65.19,78.62
2024-12-01,Teck Resources,500.0,47.69,79.27,101.55
2024-12-01,AES Corp/The,500.0,109.51,149.8,170.02
2024-12-01,Allstate Corp/Th,100.0,29.96,41.42,51.17
2024-12-01,Boeing Co/The,100.0,72.44,90.98,104.91
2024-12-01,Campbell's Comp,100.0,56.12,84.29,104.86
2024-12-01,Dow Chemical Co,100.0,100.39,131.85,154.15
2024-12-01,Home Depot Inc/,100.0,30.39,45.09,60.29
2024-12-01,Kroger Co/The,100.0,40.25,60.1,75.46
2024-12-01,PNC Financial Se,100.0,54.78,72.76,86.03
2024-12-01,Procter & Gambl,100.0,25.22,35.25,46.34
2024-12-01,Sherwin-Williams,100.0,48.75,72.36,89.96
2024-12-01,Southern Co/The,100.0,41.68,61.51,78.56
2024-12-01,Walt Disney Co/T,100.0,37.69,51.55,62.71
2024-12-01,Williams Cos Inc,100.0,53.03,81.05,102.18
2024-12-01,Toll Brothers Inc,100.0,81.74,120.97,147.51
2024-12-01,TransCanada Pip,100.0,54.5,80.41,103.75
2024-12-01,Tyson Foods Inc,100.0,48.36,69.55,89.15
2024-12-01,Union Pacific Cor,100.0,25.23,39.33,54.03
2024-12-01,United Parcel Se,100.0,34.01,49.93,63.51
2024-12-01,UnitedHealth Gro,100.0,44.16,63.08,78.75
2024-12-01,Valero Energy Co,100.0,52.4,82.61,104.95
2024-12-01,Verizon Commun,100.0,61.07,79.14,98.7
2024-12-01,Walmart Inc,100.0,25.46,39.3,51.21
2024-12-01,Weyerhaeuser Co,100.0,32.89,49.28,67.37
2024-12-01,Simon Property,100.0,52.3,85.3,102.65
2024-12-02,Advanced Micro D,500.0,43.45,63.96,83.16
2024-12-02,Ally Financial Inc,500.0,147.25,196.98,227.14
2024-12-02,Altria Group Inc,100.0,41.79,61.33,75.79
2024-12-02,Amazon.com Inc,100.0,39.76,53.97,65.17
2024-12-02,American Electri,100.0,33.55,49.77,65.73
2024-12-02,American Expres,100.0,30.3,46.4,59.38
2024-12-02,American Interna,100.0,60.31,86.06,104.04
2024-12-02,Amgen Inc,100.0,34.47,52.85,70.97
2024-12-02,APA Corp,100.0,107.24,135.84,159.42
2024-12-02,Arrow Electronic,100.0,78.31,103.58,122.95
2024-12-02,AT&T Inc,100.0,63.27,85.36,100.29
2024-12-02,AutoZone Inc,100.0,35.02,50.0,66.76
2024-12-02,Avnet Inc,100.0,86.99,117.53,141.28
2024-12-02,Barrick Mining C,100.0,36.19,56.95,75.94
2024-12-02,Baxter Internatio,100.0,85.47,113.06,129.69
2024-12-02,Best Buy Co Inc,500.0,63.81,86.57,110.4
2024-12-02,Block Financial L,500.0,70.29,106.63,134.59
2024-12-02,BorgWarner Inc,100.0,55.64,78.76,98.06
2024-12-02,Boston Scientific,100.0,31.07,47.49,60.39
2024-12-02,Bristol-Myers Sq,100.0,36.08,52.59,68.21
2024-12-02,Broadcom Inc,100.0,38.51,57.33,70.61
2024-12-02,Canadian Natura,100.0,65.52,97.51,128.36
2024-12-02,Capital One Finan,100.0,77.79,103.85,128.05
2024-12-02,Cardinal Health I,100.0,33.64,52.45,68.17
2024-12-02,Caterpillar Inc,100.0,27.66,44.9,60.87
2024-12-02,Cisco Systems In,100.0,33.68,43.63,55.27
2024-12-02,Comcast Corp,100.0,58.36,73.81,92.51
2024-12-02,Conagra Brands,100.0,83.48,111.64,132.08
2024-12-02,ConocoPhillips,100.0,42.77,63.31,77.76
2024-12-02,Cox Communicat,100.0,62.6,78.55,97.98
2024-12-02,CSX Corp,100.0,21.44,35.21,49.18
2024-12-02,CVS Health Corp,100.0,53.1,76.46,96.53
2024-12-02,DR Horton Inc,100.0,53.96,77.97,95.3
2024-12-02,Danaher Corp,100.0,28.81,47.61,63.65
2024-12-02,Darden Restaura,100.0,49.95,74.9,92.04
2024-12-02,Deere & Co,100.0,34.28,50.8,69.35
2024-12-02,Dell Inc,100.0,72.44,103.5,124.69
2024-12-02,Delta Air Lines I,500.0,106.75,146.2,169.63
2024-12-02,Devon Energy Co,100.0,93.64,129.62,153.3
2024-12-02,Dominion Energy,100.0,41.21,60.11,73.71
2024-12-02,DXC Technology,500.0,161.78,206.91,231.68
2024-12-02,Eastman Chemica,100.0,95.34,124.96,144.86
2024-12-02,Enbridge Inc,100.0,61.01,89.34,110.62
2024-12-02,Energy Transfer,100.0,60.88,90.34,117.52
2024-12-02,Exelon Corp,100.0,34.07,49.92,66.59
2024-12-02,Expedia Group In,100.0,60.8,92.94,106.26
2024-12-02,FedEx Corp,100.0,54.12,75.53,93.55
2024-12-02,FirstEnergy Corp,100.0,47.1,71.71,89.02
2024-12-02,Ford Motor Co,500.0,161.9,207.28,227.08
2024-12-02,Freeport-McMoRa,100.0,78.1,108.86,132.5
2024-12-02,General Electric,100.0,29.73,49.56,70.8
2024-12-02,General Mills Inc,100.0,47.37,64.83,82.27
2024-12-02,General Motors C,500.0,106.46,151.54,172.67
2024-12-02,Halliburton Co,100.0,60.31,83.94,109.02
2024-12-02,HCA Inc,500.0,56.57,83.0,104.18
2024-12-02,Honeywell Intern,100.0,26.77,39.57,52.14
2024-12-02,Host Hotels & Re,100.0,81.68,117.51,142.1
2024-12-02,HP Inc,100.0,77.07,103.4,132.76
2024-12-02,Intel Corp,100.0,71.54,90.46,105.93
2024-12-02,International Bu,100.0,43.71,60.79,75.06
2024-12-02,International Pa,100.0,66.36,88.68,99.07
2024-12-02,Johnson & Johns,100.0,21.74,35.37,50.87
2024-12-02,Johnson Controls,100.0,37.46,54.72,68.44
2024-12-02,Kinder Morgan In,100.0,59.21,85.3,105.83
2024-12-02,Kraft Heinz Food,100.0,52.77,85.01,111.34
2024-12-02,Lennar Corp,500.0,79.39,114.78,135.31
2024-12-02,Lincoln National,100.0,118.83,154.99,179.1
2024-12-02,Lockheed Martin,100.0,25.19,37.0,48.68
2024-12-02,Lowe's Cos Inc,100.0,38.05,54.36,72.05
2024-12-02,Sekisui House US,100.0,65.56,88.69,117.53
2024-12-02,Marathon Petrole,500.0,61.05,92.0,116.52
2024-12-02,McDonald's Corp,100.0,26.97,38.43,51.15
2024-12-02,McKesson Corp,100.0,34.25,54.99,72.94
2024-12-02,MetLife Inc,100.0,66.86,93.67,111.49
2024-12-02,Mondelez Interna,100.0,44.36,63.66,78.21
2024-12-02,Motorola Solution,100.0,41.37,57.22,74.76
2024-12-02,National Rural U,100.0,23.7,42.25,54.99
2024-12-02,Netflix Inc,500.0,36.0,54.89,62.56
2024-12-02,Newmont Corp,100.0,38.36,58.35,79.95
2024-12-02,NextEra Energy C,100.0,63.04,94.1,114.55
2024-12-02,Norfolk Southern,100.0,22.49,35.61,51.49
2024-12-02,Northrop Grumm,100.0,25.72,38.41,49.99
2024-12-02,Occidental Petro,100.0,93.55,123.23,146.58
2024-12-02,Omnicom Group,100.0,51.37,66.69,83.1
2024-12-02,Oracle Corp,100.0,129.09,153.28,178.79
2024-12-02,Ovintiv Inc,100.0,102.8,145.08,172.21
2024-12-02,Packaging Corp o,100.0,36.94,49.24,64.67
2024-12-02,Paramount Globa,100.0,139.38,181.42,202.72
2024-12-02,Pfizer Inc,100.0,35.79,48.73,66.65
2024-12-02,Prudential Finan,100.0,66.76,90.0,108.25
2024-12-02,PulteGroup Inc,500.0,72.38,102.64,126.84
2024-12-02,Quest Diagnostic,100.0,30.76,45.35,60.02
2024-12-02,Radian Group Inc,500.0,93.22,125.02,148.14
2024-12-02,Royal Caribbean,500.0,84.68,121.86,143.34
2024-12-02,RTX Corp,100.0,37.96,54.45,67.47
2024-12-02,Ryder System In,100.0,63.86,93.5,120.24
2024-12-02,Sempra,100.0,36.14,55.02,71.83
2024-12-02,Southwest Airline,100.0,110.61,147.13,169.09
2024-12-02,T-Mobile USA Inc,500.0,49.32,68.38,87.29
2024-12-02,Target Corp,100.0,48.75,64.79,78.37
2024-12-03,Advanced Micro D,500.0,42.62,63.67,83.26
2024-12-03,Ally Financial Inc,500.0,145.84,190.92,218.73
2024-12-03,Altria Group Inc,100.0,41.09,60.36,74.68
2024-12-03,Amazon.com Inc,100.0,39.7,53.44,64.36
2024-12-03,American Electri,100.0,32.44,48.02,63.53
2024-12-03,American Expres,100.0,30.21,46.55,59.66
2024-12-03,American Interna,100.0,59.37,85.86,104.19
2024-12-03,Amgen Inc,100.0,34.48,52.23,70.68
2024-12-03,APA Corp,100.0,105.57,136.36,161.18
2024-12-03,Arrow Electronic,100.0,75.78,103.77,123.86
2024-12-03,AT&T Inc,100.0,62.63,84.76,99.88
2024-12-03,AutoZone Inc,100.0,35.25,50.01,66.55
2024-12-03,Avnet Inc,100.0,85.44,118.98,143.48
2024-12-03,Barrick Mining C,100.0,36.12,57.58,78.92
2024-12-03,Baxter Internatio,100.0,85.11,111.61,128.09
2024-12-03,Best Buy Co Inc,500.0,63.92,88.53,113.49
2024-12-03,Block Financial L,500.0,68.6,103.1,129.99
2024-12-03,BorgWarner Inc,100.0,55.61,80.69,100.85
2024-12-03,Boston Scientific,100.0,31.38,47.34,59.8
2024-12-03,Bristol-Myers Sq,100.0,35.56,51.54,66.8
2024-12-03,Broadcom Inc,100.0,38.29,56.52,69.48
2024-12-03,Canadian Natura,100.0,65.49,97.16,125.6
2024-12-03,Capital One Finan,100.0,76.4,101.55,125.23
2024-12-03,Cardinal Health I,100.0,33.29,53.86,70.55
2024-12-03,Caterpillar Inc,100.0,27.29,44.29,60.14
2024-12-03,Cisco Systems In,100.0,33.68,44.28,55.95
2024-12-03,Comcast Corp,100.0,58.3,79.0,101.66
2024-12-03,Conagra Brands,100.0,83.06,110.82,131.05
2024-12-03,ConocoPhillips,100.0,42.77,64.95,80.63
2024-12-03,Cox Communicat,100.0,62.75,80.5,100.58
2024-12-03,CSX Corp,100.0,21.06,34.3,47.86
2024-12-03,CVS Health Corp,100.0,52.09,78.03,99.44
2024-12-03,DR Horton Inc,100.0,53.48,77.07,95.09
2024-12-03,Danaher Corp,100.0,28.29,45.58,60.76
2024-12-03,Darden Restaura,100.0,49.83,71.33,89.73
2024-12-03,Deere & Co,100.0,34.75,50.18,67.88
2024-12-03,Dell Inc,100.0,70.94,102.0,123.25
2024-12-03,Delta Air Lines I,500.0,105.9,143.91,166.69
2024-12-03,Devon Energy Co,100.0,92.85,125.22,152.88
2024-12-03,Dominion Energy,100.0,40.56,59.57,73.24
2024-12-03,DXC Technology,500.0,155.53,207.4,232.21
2024-12-03,Eastman Chemica,100.0,95.97,124.71,144.31
2024-12-03,Enbridge Inc,100.0,60.68,87.51,108.01
2024-12-03,Energy Transfer,100.0,59.7,87.01,112.76
2024-12-03,Exelon Corp,100.0,33.39,48.61,64.81
2024-12-03,Expedia Group In,100.0,59.63,93.1,106.75
2024-12-03,FedEx Corp,100.0,52.86,77.14,96.95
2024-12-03,FirstEnergy Corp,100.0,46.55,71.36,88.79
2024-12-03,Ford Motor Co,500.0,161.45,202.94,222.06
2024-12-03,Freeport-McMoRa,100.0,78.05,107.13,129.77
2024-12-03,General Electric,100.0,30.49,50.89,73.38
2024-12-03,General Mills Inc,100.0,47.7,64.78,82.13
2024-12-03,General Motors C,500.0,106.13,148.87,170.48
2024-12-03,Halliburton Co,100.0,59.23,83.84,107.61
2024-12-03,HCA Inc,500.0,57.87,80.14,100.54
2024-12-03,Honeywell Intern,100.0,26.29,39.55,52.1
2024-12-03,Host Hotels & Re,100.0,79.61,116.56,141.44
2024-12-03,HP Inc,100.0,76.9,102.31,128.5
2024-12-03,Intel Corp,100.0,68.57,86.27,102.43
2024-12-03,International Bu,100.0,43.81,59.7,73.43
2024-12-03,International Pa,100.0,63.87,86.81,97.64
2024-12-03,Johnson & Johns,100.0,22.03,37.32,53.77
2024-12-03,Johnson Controls,100.0,36.68,55.06,69.44
2024-12-03,Kinder Morgan In,100.0,58.77,85.33,106.14
2024-12-03,Kraft Heinz Food,100.0,53.35,77.78,103.75
2024-12-03,Lennar Corp,500.0,79.17,112.24,127.03
2024-12-03,Lincoln National,100.0,116.05,146.27,167.28
2024-12-03,Lockheed Martin,100.0,24.8,35.95,47.05
2024-12-03,Lowe's Cos Inc,100.0,36.89,52.56,69.78
2024-12-03,Sekisui House US,100.0,65.33,90.77,121.27
2024-12-03,Marathon Petrole,500.0,60.17,91.35,115.5
2024-12-03,McDonald's Corp,100.0,26.71,37.45,50.03
2024-12-03,McKesson Corp,100.0,33.55,52.13,68.7
2024-12-03,MetLife Inc,100.0,67.09,92.78,110.2
2024-12-03,Mondelez Interna,100.0,44.47,64.09,80.97
2024-12-03,Motorola Solution,100.0,41.64,58.01,77.19
2024-12-03,National Rural U,100.0,23.51,42.23,54.97
2024-12-03,Netflix Inc,500.0,38.43,59.08,65.0
2024-12-03,Newmont Corp,100.0,37.95,59.44,82.13
2024-12-03,NextEra Energy C,100.0,62.17,93.81,114.59
2024-12-03,Norfolk Southern,100.0,22.1,34.94,50.62
2024-12-03,Northrop Grumm,100.0,25.73,40.14,52.63
2024-12-03,Occidental Petro,100.0,91.62,119.98,142.61
2024-12-03,Omnicom Group,100.0,47.99,66.42,84.58
2024-12-03,Oracle Corp,100.0,130.49,159.79,187.73
2024-12-03,Ovintiv Inc,100.0,101.12,142.46,169.23
2024-12-03,Packaging Corp o,100.0,36.25,48.58,64.16
2024-12-03,Paramount Globa,100.0,138.86,180.18,200.57
2024-12-03,Pfizer Inc,100.0,36.29,48.04,66.37
2024-12-03,Prudential Finan,100.0,65.6,90.33,109.23
2024-12-03,PulteGroup Inc,500.0,70.8,98.04,120.73
2024-12-03,Quest Diagnostic,100.0,30.95,45.4,59.87
2024-12-03,Radian Group Inc,500.0,93.1,122.64,144.35
2024-12-03,Royal Caribbean,500.0,86.94,123.49,144.75
2024-12-03,RTX Corp,100.0,37.0,53.4,66.38
2024-12-03,Ryder System In,100.0,62.58,90.21,115.37
2024-12-03,Sempra,100.0,35.53,55.23,72.56
2024-12-03,Southwest Airline,100.0,107.92,149.77,174.3
2024-12-03,T-Mobile USA Inc,500.0,47.8,66.57,85.48
2024-12-03,Target Corp,100.0,49.03,64.51,78.14
2024-12-03,Teck Resources,500.0,46.71,75.79,96.93
2024-12-03,AES Corp/The,500.0,108.35,149.65,170.39
2024-12-03,Allstate Corp/Th,100.0,28.6,42.6,53.92
2024-12-03,Boeing Co/The,100.0,70.62,88.61,103.2
2024-12-03,Campbell's Comp,100.0,55.44,80.89,100.51
2024-12-03,Dow Chemical Co,100.0,99.36,132.32,155.49
2024-12-03,Home Depot Inc/,100.0,29.68,44.38,59.55
2024-12-03,Kroger Co/The,100.0,39.06,57.7,73.13
2024-12-03,PNC Financial Se,100.0,53.65,72.32,83.32
2024-12-03,Procter & Gambl,100.0,24.02,34.65,46.22
2024-12-03,Sherwin-Williams,100.0,48.43,71.94,89.4
2024-12-03,Southern Co/The,100.0,41.43,61.24,78.28
2024-12-03,Walt Disney Co/T,100.0,37.96,50.02,62.1
2024-12-03,Williams Cos Inc,100.0,51.89,78.6,99.01
2024-12-03,Toll Brothers Inc,100.0,82.2,114.92,136.55
2024-12-03,TransCanada Pip,100.0,53.13,79.82,104.7
2024-12-03,Tyson Foods Inc,100.0,47.68,67.18,84.94
2024-12-03,Union Pacific Cor,100.0,23.76,36.53,50.34
2024-12-03,United Parcel Se,100.0,32.51,47.58,60.69
2024-12-03,UnitedHealth Gro,100.0,46.21,62.9,77.33
2024-12-03,Valero Energy Co,100.0,51.0,80.46,101.88
2024-12-03,Verizon Commun,100.0,61.07,78.11,97.43
2024-12-03,Walmart Inc,100.0,26.07,39.71,51.42
2024-12-03,Weyerhaeuser Co,100.0,32.15,45.59,61.65
2024-12-03,Simon Property,100.0,52.9,85.24,102.43
